nama_tempat,type_place,alamat,jam_operasional,rating,jumlah_review,telepon,status_telepon,status_website,latitude,longitude,status_aksesibilitas,aksesibilitas
Masjid Alhidayah,Masjid,"Babakan RT.008/002, Cibeureum, Kec. Banjar, Kota Banjar, Jawa Barat 46313",,"4,7",6,,Tidak Ada,Tidak Tersedia,-7.3653246,108.4770038,Tidak Tersedia,
Masjid Al Ikhlash,Masjid,"HGXQ+Q5G, Sukamukti, Kec. Pataruman, Kota Banjar, Jawa Barat 46326",Buka 24 jam,"5,0",2,,Tidak Ada,Tidak Tersedia,-7.4005624,108.5379605,Tidak Tersedia,
Masjid Jami AL WAFA,Masjid,"Lingkungan Banjar kolot, RT.003/RW.015, Banjar, Kec. Purwaharja, Kota Banjar, Jawa Barat 46311",Buka 24 jam,"5,0",4,"
0852-2338-7260",Ada,Tidak Tersedia,-7.3686783,108.5229205,Tidak Tersedia,
Masjid Al-ikhlas,Masjid,"JGMC+WXF, Jl. KH. Amin, Banjar, Kec. Banjar, Kota Banjar, Jawa Barat 46311",,"5,0",2,,Tidak Ada,Tidak Tersedia,-7.3651926,108.5224076,Tidak Tersedia,
Masjid Al Huda (LDII),Masjid,"Jl. Gerilya No.50, Mekarsari, Kec. Banjar, Kota Banjar, Jawa Barat 46321",04.15 hingga 22.00,"4,8",25,"
0852-2466-5225",Ada,Tersedia,-7.3820291,108.5286572,Aksesibilitas Tersedia,Tidak memiliki pintu masuk khusus pengguna kursi roda
Masjid Mustika Kota Banjar Jawa Barat,Masjid,"Jl. Raya Banjar - Pangandaran No.47a, Hegarsari, Kec. Pataruman, Kota Banjar, Jawa Barat 46322",04.00 hingga 20.00,"5,0",4,"
0812-2409-376",Ada,Tidak Tersedia,-7.3799954,108.5426169,Aksesibilitas Tersedia,Tidak memiliki tempat parkir khusus pengguna kursi roda
Masjid Jami Baiturrahim,Masjid,"Jl. Ciamis - Banjar No.18, Karangkamulyan, Kec. Cijeungjing, Kabupaten Ciamis, Jawa Barat 46271",,"4,8",19,,Tidak Ada,Tidak Tersedia,-7.3478875,108.487952,Aksesibilitas Tersedia,Tidak memiliki pintu masuk khusus pengguna kursi roda | Tidak memiliki tempat parkir khusus pengguna kursi roda
Masjid 'Ashim bin Tsabit - Pondok Pesantren Al Kautsar Banjar,Masjid,"Jl. Pejuang No.17, RT.10/RW.03, dusun karang pucung wetan, Jajawar, Kec. Banjar, Kota Banjar, Jawa Barat 46313",Buka 24 jam,"5,0",1,,Tidak Ada,Tidak Tersedia,-7.3585658,108.4975168,Tidak Tersedia,
Masjid Jami Baiturrohman,Masjid,"JHG2+5M8 City, Jl. Pataruman, Pataruman, Banjar, Banjar City, West Java 46323",Buka 24 jam,"4,0",7,,Tidak Ada,Tidak Tersedia,-7.3745777,108.551711,Tidak Tersedia,
Masjid Al-Barkah,Masjid,"JFMH+4CG, Dusun babakan, Cibeureum, Kec. Banjar, Kota Banjar, Jawa Barat 46313",,"4,3",3,,Tidak Ada,Tidak Tersedia,-7.3671958,108.4785644,Tidak Tersedia,
Masjid Al Hidayah,Masjid,"HGVQ+746, Sukamukti, Kec. Pataruman, Kota Banjar, Jawa Barat 46316",Buka 24 jam,"4,8",9,,Tidak Ada,Tidak Tersedia,-7.4068322,108.5377636,Tidak Tersedia,
Masjid jami Assalam,Masjid,"Gg. Bawal 3 No.2, Mekarsari, Kec. Banjar, Kota Banjar, Jawa Barat 46321",,"5,0",3,,Tidak Ada,Tidak Tersedia,-7.3731434,108.5312366,Tidak Tersedia,
Masjid Miftahul Amanah,Masjid,"Jl. Brigjenm. Isa, SH No.39, Purwaharja, Kec. Purwaharja, Kota Banjar, Jawa Barat 46331",,"4,8",43,"
(0265) 745892",Ada,Tidak Tersedia,-7.3569022,108.5311038,Aksesibilitas Tersedia,Tidak memiliki pintu masuk khusus pengguna kursi roda
Masjid At-taslim,Masjid,"JGM6+RG2, Balokang, Kec. Banjar, Kota Banjar, Jawa Barat 46312",,"4,6",11,,Tidak Ada,Tidak Tersedia,-7.3654881,108.5112568,Tidak Tersedia,
Masjid Nurul Huda Cibonte,Masjid,"JFFQ+M8V, Unnamed Road, Situbatu, Kec. Banjar, Kota Banjar, Jawa Barat 46314",,"4,0",4,,Tidak Ada,Tidak Tersedia,-7.3757639,108.4883011,Tidak Tersedia,
Masjid Jami Karunia Ilahi,Masjid,"Jl. Kapten Jamhur No.70, Mekarsari, Kec. Banjar, Kota Banjar, Jawa Barat 46321",Buka 24 jam,"4,1",8,,Tidak Ada,Tidak Tersedia,-7.3738416,108.5361876,Tidak Tersedia,
Masjid Al Huda,Masjid,"Perum Blok D, Balokang, Kec. Banjar, Kota Banjar, Jawa Barat 46312",Buka 24 jam,"4,4",5,"
(0265) 84532",Ada,Tidak Tersedia,-7.362155,108.5031025,Tidak Tersedia,
Masjid Al-Hidayah,Tempat Ibadah,"JGJ8+6VP, Balokang, Kec. Banjar, Kota Banjar, Jawa Barat 46312",Buka 24 jam,"5,0",1,,Tidak Ada,Tidak Tersedia,-7.3694236,108.5171982,Tidak Tersedia,
Masjid Darul Ikhlas,Masjid,"JGHM+256, Jl. Muhamad Hamim, Mekarsari, Kec. Banjar, Kota Banjar, Jawa Barat 46321",,"4,4",17,,Tidak Ada,Tidak Tersedia,-7.3724512,108.5329026,Tidak Tersedia,
Masjid Al Furqon,Masjid,"JG9V+5QV, Hegarsari, Kec. Pataruman, Kota Banjar, Jawa Barat 46322",,"5,0",1,,Tidak Ada,Tidak Tersedia,-7.3820228,108.544434,Tidak Tersedia,
Masjid Al Istiqomah,Masjid,"JGHJ+6GC, Banjar, Kec. Banjar, Kota Banjar, Jawa Barat 46311",,"5,0",3,,Tidak Ada,Tidak Tersedia,-7.3719364,108.5312566,Tidak Tersedia,
Masjid Jami Nurul Iman,Masjid,"Sukarame 02/25, Mekarsari, Kec. Banjar, Kota Banjar, Jawa Barat 46321",Buka 24 jam,"5,0",3,,Tidak Ada,Tidak Tersedia,-7.3787646,108.5292806,Tidak Tersedia,
Masjid Jami Al-Barokah,Masjid,"JF9H+5JW, Situbatu, Kec. Banjar, Kota Banjar, Jawa Barat 46314",,,,,Tidak Ada,Tidak Tersedia,-7.3820092,108.479071,Tidak Tersedia,
Masjid PT Alba,Masjid,"Jl. Nasional 18 No.193, Hegarsari, Kec. Pataruman, Kota Banjar, Jawa Barat 46322",Buka 24 jam,"4,4",24,,Tidak Ada,Tidak Tersedia,-7.3964097,108.5367163,Aksesibilitas Tersedia,Tidak memiliki tempat parkir khusus pengguna kursi roda
Masjid Jami' Darul Hikmah Kedunghaur,Masjid,"karangpucung kulon, RT.15/RW.04, Jajawar, Kec. Banjar, Kota Banjar, Jawa Barat",Buka 24 jam,"4,7",20,,Tidak Ada,Tidak Tersedia,-7.353533,108.493993,Tidak Tersedia,
MASJID JAMI NURUL HUDA KOTA BANJAR,Masjid,"JGFR+WQM, Hegarsari, Kec. Pataruman, Kota Banjar, Jawa Barat 46322",04.00 hingga 21.00,,,"
0821-1616-5986",Ada,Tersedia,-7.3804779,108.543847,Tidak Tersedia,
Masjid Jami Nurul Huda,Masjid,"JGJ2+PP2, Balokang, Kec. Banjar, Kota Banjar, Jawa Barat 46312",,"4,3",4,,Tidak Ada,Tidak Tersedia,-7.3682495,108.5017738,Tidak Tersedia,
Masjid Nurul Falah,Masjid,"JGJP+3VR, Jl. Sudiro W, Banjar, Kec. Banjar, Kota Banjar, Jawa Barat 46321",,"4,6",7,,Tidak Ada,Tidak Tersedia,-7.3697693,108.5371507,Tidak Tersedia,
Islamic Dawah Building of the Banjar City,Gedung Pertemuan,"JGJR+59H, Banjar, Kec. Banjar, Kota Banjar, Jawa Barat 46311",,"4,3",33,,Tidak Ada,Tidak Tersedia,-7.3695604,108.5409797,Tidak Tersedia,
Masjid Al-Mukarromah,Masjid,"JG8H+V5W, Mekarsari, Kec. Banjar, Kota Banjar, Jawa Barat 46321",,"3,9",8,,Tidak Ada,Tidak Tersedia,-7.3827656,108.5279509,Tidak Tersedia,
Masjid Jame Jamatussakinah,Masjid,"JGHR+C49, Mekarsari, Kec. Banjar, Kota Banjar, Jawa Barat",,,,,Tidak Ada,Tidak Tersedia,-7.3714729,108.5403624,Tidak Tersedia,
Masjid Baetul Bakti,Masjid,"JGJM+JMW, Dsn. Cibulan, Banjar, Kec. Banjar, Kota Banjar, Jawa Barat 46311",,"4,9",13,,Tidak Ada,Tidak Tersedia,-7.3683867,108.534211,Tidak Tersedia,
Mesjid Miftahul Huda,Masjid,"Balokang, Kec. Banjar, Kota Banjar, Jawa Barat",Buka 24 jam,"4,6",13,,Tidak Ada,Tidak Tersedia,-7.3657598,108.5057114,Tidak Tersedia,
Masjid Matla'ul Khoer,Tempat Ibadah,"JGGM+9GF, Mekarsari, Kec. Banjar, Kota Banjar, Jawa Barat 46321",,,,,Tidak Ada,Tidak Tersedia,-7.3740626,108.5337889,Tidak Tersedia,
Masjid Al-Hikmah Cibonte,Masjid,"JFGQ+JV4, Situbatu, Kec. Banjar, Kota Banjar, Jawa Barat 46314",,"4,8",5,,Tidak Ada,Tidak Tersedia,-7.373479,108.4897182,Tidak Tersedia,
Masjid Jami' Baitul Muttaqin,Masjid,"JGHM+PMX, Banjar, Kec. Banjar, Kota Banjar, Jawa Barat",,,,,Tidak Ada,Tidak Tersedia,-7.3706417,108.5342405,Tidak Tersedia,
Masjid Nurul Iman,Masjid,"JGGW+6J6, Pataruman, Kec. Pataruman, Kota Banjar, Jawa Barat 46323",Buka 24 jam,,,,Tidak Ada,Tidak Tersedia,-7.3745729,108.5464402,Tidak Tersedia,
Masjid Jami Al ikhlas,Masjid,"HGRX+QJ9, Sukamukti, Kec. Pataruman, Kota Banjar, Jawa Barat 46326",,"4,8",6,,Tidak Ada,Tidak Tersedia,-7.4080835,108.5491215,Tidak Tersedia,
Masjid Hasanatul Abror,Masjid,"JGJJ+9X7, Banjar, Kec. Banjar, Kota Banjar, Jawa Barat 46311",Buka 24 jam,"3,8",5,,Tidak Ada,Tidak Tersedia,-7.3690921,108.5324231,Tidak Tersedia,
Masjid perum,Masjid,"JGQ6+MMF, Jl. Karang Tengah, Balokang, Kec. Banjar, Kota Banjar, Jawa Barat 46312",04.21 hingga 12.00,,,,Tidak Ada,Tidak Tersedia,-7.3607993,108.5116471,Tidak Tersedia,
Masjid Baiturrahman,Masjid,"JGQ7+G3W, Jl. Karang Tengah, Balokang, Kec. Banjar, Kota Banjar, Jawa Barat 46312",04.09 hingga 08.30,"5,0",1,,Tidak Ada,Tidak Tersedia,-7.3610018,108.5129711,Tidak Tersedia,
Masjid Jami Al Ikhlas,Masjid,"JGFP+7XH, Jl. Samolo, Mekarsari, Kec. Banjar, Kota Banjar, Jawa Barat 46321",09.00 hingga 17.00,"5,0",3,,Tidak Ada,Tidak Tersedia,-7.3768014,108.537479,Tidak Tersedia,
Mesjid Al-Falah Cipantaran (Al-Falah Mosque),Tempat Ibadah,"Cibeureum, Kec. Banjar, Kota Banjar, Jawa Barat 46313",,"5,0",1,,Tidak Ada,Tidak Tersedia,-7.3705501,108.492064,Tidak Tersedia,
Masjid Jami Miftahul Hidayah Cipantaran (The Miftahul Hidayah Grand Mosque of Cipantaran),Masjid,"Jl. Padepokan, Cibeureum, Kec. Banjar, Kota Banjar, Jawa Barat 46313",,"5,0",3,,Tidak Ada,Tidak Tersedia,-7.3719596,108.4927848,Tidak Tersedia,
Masjid Miftahul Huda Wargamulia,Masjid,"JGRP+7W8, Jalan Brigjen M. Isa Sh, Purwaharja, Banjar City, West Java 46331",Buka 24 jam,"5,0",1,,Tidak Ada,Tidak Tersedia,-7.3593394,108.5373259,Tidak Tersedia,
Masjid Al Barkah,Masjid,"JGC9+3M4, Banjar, Kec. Banjar, Kota Banjar, Jawa Barat 46311",Buka 24 jam,"4,4",7,,Tidak Ada,Tidak Tersedia,-7.3798684,108.5192142,Tidak Tersedia,
Masjid Baitul Muslim,Masjid,"JG9M+9MV, Mekarsari, Kec. Banjar, Kota Banjar, Jawa Barat 46321",,"5,0",1,,Tidak Ada,Tidak Tersedia,-7.3815191,108.5340867,Tidak Tersedia,
Masjid Al Barokah,Masjid,"Jl. R. Dewi Sartika No.48B, Banjar, Kec. Banjar, Kota Banjar, Jawa Barat 46311",,"5,0",2,,Tidak Ada,Tidak Tersedia,-7.366665,108.5363612,Tidak Tersedia,
Masjid DKM VII Miftahul Falah Neglasari Kota Banjar,Tempat Ibadah,"Rt 28 Rw 14 Dusun, Warung Buah, Neglasari, Kec. Banjar, Kota Banjar, Jawa Barat 46315",Buka 24 jam,"4,9",9,,Tidak Ada,Tidak Tersedia,-7.3832004,108.5018356,Aksesibilitas Tersedia,Memiliki pintu masuk khusus pengguna kursi roda | Memiliki tempat parkir khusus pengguna kursi roda
Masjid Jamie Al-Muhshinin,Masjid,"JG9M+MX9, Gg. Kusumah, Mekarsari, Kec. Banjar, Kota Banjar, Jawa Barat 46321",,,,,Tidak Ada,Tidak Tersedia,-7.3808425,108.5349911,Tidak Tersedia,
Masjid Al Amanah,Masjid,"Jajawar, RT. 08 RW. 02, Cibeureum, Banjar, Banjar, Kota Banjar, Kota Banjar, Jawa Barat 46311",,"5,0",1,,Tidak Ada,Tidak Tersedia,-7.366297,108.533492,Tidak Tersedia,
Masjid Al-Falah,Tempat Ibadah,"Jl. Peta No.RT11 RW 03, Dsn Pasirnagara, Cibeureum, Kec. Banjar, Kota Banjar, Jawa Barat 46313",,"5,0",1,,Tidak Ada,Tidak Tersedia,-7.3682602,108.4834862,Tidak Tersedia,
Masjid Ar-Rohman Cisauheun,Masjid,"JFGH+FQW, Situbatu, Kec. Banjar, Kota Banjar, Jawa Barat 46314",,"4,5",21,"
0813-2042-8647",Ada,Tidak Tersedia,-7.3737705,108.4794426,Tidak Tersedia,
Masjid Jamim Al-Amanah,Lembaga Agama,"JFRV+2JQ, Jl. Wirasantana, Jajawar, Kec. Banjar, Kota Banjar, Jawa Barat 46313",,"5,0",1,,Tidak Ada,Tidak Tersedia,-7.3599081,108.4941022,Tidak Tersedia,
Masjid Baituttaqwa,Masjid,"JG9Q+676, Hegarsari, Kec. Pataruman, Kota Banjar, Jawa Barat 46322",,"5,0",3,,Tidak Ada,Tidak Tersedia,-7.3819514,108.5381526,Tidak Tersedia,
Masjid Al Ikhlas,Masjid,"JG8Q+RVF, JL. Raya Batulawang, Pataruman, Hegarsari, Kec. Banjar, Kota Banjar, Jawa Barat 46321",,"4,0",12,,Tidak Ada,Tidak Tersedia,-7.3829362,108.5396731,Tidak Tersedia,
Masjid Daarul Muttaqin,Masjid,"JGGC+Q84, Ling Pintusinga Regency, RT.06/RW.18, Banjar, Kec. Banjar, Kota Banjar, Jawa Barat 46311",Buka 24 jam,"4,8",5,,Tidak Ada,Tidak Tersedia,-7.3731104,108.5208346,Tidak Tersedia,
Masjid Al-Aziz,Masjid,"JGPC+2GG, Banjar, Kec. Banjar, Kota Banjar, Jawa Barat 46311",Buka 24 jam,"4,9",12,"
0896-0511-1755",Ada,Tidak Tersedia,-7.3649433,108.5213241,Tidak Tersedia,
Masjid Baetusyukur,Masjid,"JG7Q+GM2, Hegarsari, Kec. Pataruman, Kota Banjar, Jawa Barat 46322",,"4,4",14,,Tidak Ada,Tidak Tersedia,-7.3862342,108.5391377,Aksesibilitas Tersedia,Tidak memiliki pintu masuk khusus pengguna kursi roda | Tidak memiliki tempat parkir khusus pengguna kursi roda
Masjid Agung Kota Banjar,Masjid,"JGJR+59W, Banjar, Kec. Banjar, Kota Banjar, Jawa Barat 46311",Buka 24 jam,"4,5",337,,Tidak Ada,Tidak Tersedia,-7.3695014,108.5409572,Aksesibilitas Tersedia,Ada toilet khusus pengguna kursi roda
Masjid An-Najah,Masjid,"JGGW+7W3, Pataruman, Kec. Pataruman, Kota Banjar, Jawa Barat 46323",,"5,0",1,,Tidak Ada,Tidak Tersedia,-7.3743579,108.5473068,Tidak Tersedia,
Masjid Nurul Ihsan,Masjid,"JG9H+5VV, Mekarsari, Kec. Banjar, Kota Banjar, Jawa Barat 46321",,"4,7",6,,Tidak Ada,Tidak Tersedia,-7.3820058,108.5296625,Tidak Tersedia,
Masjid At Taqwa,Masjid,"JG4H+WWQ, Pagak Pengasinan, Jl. Tentara Pelajar, Binangun, Pataruman, Banjar City, West Java 46316",Buka 24 jam,"5,0",2,,Tidak Ada,Tidak Tersedia,-7.3926509,108.5298505,Tidak Tersedia,
Masjid DKM I Miftahul Huda Cipariuk,Masjid,"JF6W+XC3 Jalan, Jl. Cipariuk, Situbatu, Kec. Banjar, Kota Banjar, Jawa Barat 46314",,"5,0",2,,Tidak Ada,Tidak Tersedia,-7.387835,108.49594,Tidak Tersedia,
Masjid Al magah,Masjid,"JGJR+599, Banjar, Kec. Banjar, Kota Banjar, Jawa Barat 46311",,,,,Tidak Ada,Tidak Tersedia,-7.3695393,108.5409438,Tidak Tersedia,
Masjid Jami Baetul Falah,Masjid,"JGFP+RJ6, Mekarsari, Kec. Banjar, Kota Banjar, Jawa Barat",,,,,Tidak Ada,Tidak Tersedia,-7.3754688,108.5365181,Tidak Tersedia,
MASJID AT-TAKQWA Pasar Banjar,Tempat Ibadah,"JGHV+6MF, Hegarsari, Kec. Pataruman, Kota Banjar, Jawa Barat 46322",,"5,0",2,,Tidak Ada,Tidak Tersedia,-7.3719311,108.5441635,Tidak Tersedia,
Masjid Nurussalaam,Masjid,"JGWM+4FG, Jl. Sumatera, Purwaharja, Kec. Purwaharja, Kota Banjar, Jawa Barat 46331",Buka 24 jam,"4,8",4,,Tidak Ada,Tidak Tersedia,-7.354689,108.5337045,Tidak Tersedia,
Masjid Jami Baitussalam,Masjid,"JGFM+9FM, Jln. Gotong Royong. Lingk. Sukarame, Mekarsari, Banjar, Banjar City, West Java 46321",Buka 24 jam,"4,5",2,,Tidak Ada,Tidak Tersedia,-7.3765465,108.533678,Tidak Tersedia,
Masjid Uswatun Hasanah Situbatu,Masjid,"Jl. Manonjaya - Banjar No.43, Situbatu, Kec. Banjar, Kota Banjar, Jawa Barat 46314",,"4,5",45,,Tidak Ada,Tersedia,-7.3866664,108.4880999,Aksesibilitas Tersedia,Tidak memiliki pintu masuk khusus pengguna kursi roda | Tidak memiliki tempat parkir khusus pengguna kursi roda
Masjid Attaqwa,Masjid,"JGCQ+VMF, Mekarsari, Kec. Banjar, Kota Banjar, Jawa Barat 46321",Buka 24 jam,"5,0",4,,Tidak Ada,Tidak Tersedia,-7.3778042,108.53918,Tidak Tersedia,
Masjid Suhada,Masjid,"JG6Q+MXG, Hegarsari, Kec. Pataruman, Kota Banjar, Jawa Barat 46322",Buka 24 jam,"4,8",9,,Tidak Ada,Tidak Tersedia,-7.3883106,108.5399507,Tidak Tersedia,
Masjid Baitul Jannah,Masjid,"JG9R+35J, Hegarsari, Kec. Pataruman, Kota Banjar, Jawa Barat 46322",Buka 24 jam,"4,6",247,,Tidak Ada,Tidak Tersedia,-7.3822981,108.5403913,Aksesibilitas Tersedia,Tidak memiliki pintu masuk khusus pengguna kursi roda
Masjid Nurul Fatimah,Masjid,"JF9Q+M73, Jln. Drajat Galuh, RT.004/RW.001, Lingk. Bojong, Situbatu, Kec. Banjar, Kota Banjar, Jawa Barat 46314",,,,,Tidak Ada,Tidak Tersedia,-7.380866,108.4881854,Tidak Tersedia,
Masjid Nyalindung,Masjid,"Nyalindung, RT07, RW03, Balokang, Kec. Banjar, Kota Banjar, Jawa Barat 46312",,"5,0",1,,Tidak Ada,Tidak Tersedia,-7.3742323,108.5112514,Tidak Tersedia,
Masjid Subulussalam Al-Musthofa Kota Banjar,Masjid,"HGWV+H85, Dusun Tembungkerta, RT.05/RW.10Desa, Sukamukti, Kec. Pataruman, Kota Banjar, Jawa Barat",Buka 24 jam,,,,Tidak Ada,Tidak Tersedia,-7.403616,108.5433482,Tidak Tersedia,
Pusdai Kota Banjar,Masjid,"JGQM+FFW, Banjar, Kec. Banjar, Kota Banjar, Jawa Barat 46311",,"4,3",309,,Tidak Ada,Tidak Tersedia,-7.3612611,108.5337112,Tidak Tersedia,
MASJID AL HIKMAH,Masjid,"JGJP+RF8, Banjar, Kec. Banjar, Kota Banjar, Jawa Barat 46311",,"4,5",2,,Tidak Ada,Tidak Tersedia,-7.3679732,108.5362037,Tidak Tersedia,
Masjid Al Hidayah Katapang,Masjid,"JGQV+95R, Karangpanimbal, Kec. Purwaharja, Kota Banjar, Jawa Barat 46331",Buka 24 jam,"4,5",10,,Tidak Ada,Tidak Tersedia,-7.3615066,108.5428935,Tidak Tersedia,
Masjid Miftahul Hidayah (DKM 8),Tempat Ibadah,"Desa, Neglasari, Kec. Banjar, Kota Banjar, Jawa Barat 46315",Buka 24 jam,"5,0",1,,Tidak Ada,Tidak Tersedia,-7.3799358,108.5024451,Tidak Tersedia,
Masjid At-Taqwa,Masjid,"Pataruman, Kec. Pataruman, Kota Banjar, Jawa Barat 46323",04.00 hingga 23.00,"4,6",53,,Tidak Ada,Tidak Tersedia,-7.3667855,108.5615227,Aksesibilitas Tersedia,Tidak memiliki pintu masuk khusus pengguna kursi roda
MASJID AL IHSAN 02,Tempat Ibadah,"Banjar, Kec. Banjar, Kota Banjar, Jawa Barat 46311",05.00 hingga 19.00,"5,0",4,"
0851-6298-4975",Ada,Tidak Tersedia,-7.3703028,108.5331191,Tidak Tersedia,
Masjid Baeturrohmahwasalamah,Masjid,"JGMP+RM9, Jl. M. Aliyani, Banjar, Kec. Banjar, Kota Banjar, Jawa Barat 46311",04.00 hingga 05.30,"5,0",3,,Tidak Ada,Tidak Tersedia,-7.3654592,108.5367234,Tidak Tersedia,
Masjid Nurul Huda,Masjid,"JGJQ+J6W, Banjar, Kec. Banjar, Kota Banjar, Jawa Barat 46311",,"4,5",4,,Tidak Ada,Tidak Tersedia,-7.3683899,108.5380675,Tidak Tersedia,
Masjid AL-Falah Citatah,Masjid,"JGC6+4P3, Banjar, Kec. Banjar, Kota Banjar, Jawa Barat 46311",,"5,0",2,,Tidak Ada,Tidak Tersedia,-7.3797325,108.5117825,Tidak Tersedia,
Masjid Miftahul Khoir,Masjid,"JGJM+H75, Jln Balokang Road, Banjar, Kec. Banjar, Kota Banjar, Jawa Barat 46311",,"5,0",2,"
0813-1275-8501",Ada,Tidak Tersedia,-7.3686033,108.5332472,Tidak Tersedia,
Masjid Al-Falah Cibonte,Masjid,"JFGR+8P7, Situbatu, Kec. Banjar, Kota Banjar, Jawa Barat 46314",,"5,0",4,,Tidak Ada,Tidak Tersedia,-7.3742129,108.4917982,Tidak Tersedia,
Masjid Jami Al-Hikmah,Masjid,"JFFW+WCW, Dusun Cibodas, RT.22/RW.05, Cibeureum, Kec. Banjar, Kota Banjar, Jawa Barat 46313",,"4,7",3,,Tidak Ada,Tidak Tersedia,-7.3751264,108.4960715,Tidak Tersedia,
Masjid DKM Ar-raudhah,Tempat Ibadah,"JGP5+HCF, Balokang, Kec. Banjar, Kota Banjar, Jawa Barat 46312",,"4,5",2,,Tidak Ada,Tidak Tersedia,-7.3635542,108.5085382,Tidak Tersedia,
Masjid Jami Baiturahmat,Masjid,"Jl. Lapang Gotama, Lingk. Awiluar, Situbatu, Kec. Banjar, Kota Banjar, Jawa Barat 46314",,"4,0",1,,Tidak Ada,Tidak Tersedia,-7.3776723,108.4836752,Tidak Tersedia,
Masjid Jamie Nuurulfalaah,Masjid,"JG72+24M, Neglasari, Kec. Banjar, Kota Banjar, Jawa Barat 46315",,"5,0",5,,Tidak Ada,Tidak Tersedia,-7.3874019,108.5003006,Tidak Tersedia,
Masjid Husnul Khotimah,Masjid,"JGHV+834, Gg. Uswatun Hasanah, Hegarsari, Kec. Pataruman, Kota Banjar, Jawa Barat 46322",,"4,0",1,,Tidak Ada,Tidak Tersedia,-7.3717338,108.5427073,Tidak Tersedia,
Masjid Baitul Falah,Masjid,"Jl. Kapten Jamhur No.25, Mekarsari, Kec. Banjar, Kota Banjar, Jawa Barat 46321",Buka 24 jam,"4,5",23,,Tidak Ada,Tidak Tersedia,-7.3787796,108.5377511,Aksesibilitas Tersedia,Tidak memiliki pintu masuk khusus pengguna kursi roda | Tidak memiliki tempat parkir khusus pengguna kursi roda
Masjid Miftahussalam,Masjid,"HGWR+X5C, Sukamukti, Kec. Pataruman, Kota Banjar, Jawa Barat 46326",04.00 hingga 20.00,"4,5",43,"
0812-8850-2588",Ada,Tidak Tersedia,-7.4025537,108.5403842,Aksesibilitas Tersedia,Tidak memiliki pintu masuk khusus pengguna kursi roda | Tidak memiliki tempat parkir khusus pengguna kursi roda
MASJID ANNUR,Masjid,"Jl. Dipati Ukur No.21, Banjar, Kec. Banjar, Kota Banjar, Jawa Barat 46311",,"4,8",5,,Tidak Ada,Tidak Tersedia,-7.3664977,108.5282792,Tidak Tersedia,
MASJID AL-MUDZAKARAH,Masjid,"JG8P+63H, Mekarsari, Kec. Banjar, Kota Banjar, Jawa Barat 46321",,"5,0",3,,Tidak Ada,Tidak Tersedia,-7.3844414,108.5352223,Tidak Tersedia,
"Masjid Manbaul Ulum, SMAN 1 Banjar",Masjid,"Jl. K.H. Mustofa No.1, Banjar, Kec. Banjar, Kota Banjar, Jawa Barat 46311",,"4,8",21,,Tidak Ada,Tidak Tersedia,-7.3718157,108.526758,Aksesibilitas Tersedia,Tidak memiliki pintu masuk khusus pengguna kursi roda | Tidak memiliki tempat parkir khusus pengguna kursi roda
Masjid Al - Hilal,Masjid,"JG9Q+FJ4, Hegarsari, Kec. Pataruman, Kota Banjar, Jawa Barat 46322",,"4,8",4,,Tidak Ada,Tidak Tersedia,-7.3813592,108.539079,Tidak Tersedia,
Masjid Al-Ikhlas,Masjid,"JF8J+PCQ, Jl. Manonjaya - Banjar, Situbatu, Kec. Banjar, Kota Banjar, Jawa Barat 46314",,"5,0",4,,Tidak Ada,Tidak Tersedia,-7.38317,108.481121,Tidak Tersedia,
Masjid Ar Rhadiyah,Masjid,"JGHH+HV7, Banjar, Kec. Banjar, Kota Banjar, Jawa Barat 46311",,"4,9",22,,Tidak Ada,Tidak Tersedia,-7.3710869,108.5296681,Aksesibilitas Tersedia,Tidak memiliki pintu masuk khusus pengguna kursi roda | Tidak memiliki tempat parkir khusus pengguna kursi roda
Masjid Al - Mujahidin,Masjid,"Jl. Raya Banjar - Pangandaran No.281, Hegarsari, Kec. Pataruman, Kota Banjar, Jawa Barat 46322",Buka 24 jam,"4,7",148,,Tidak Ada,Tidak Tersedia,-7.3811206,108.5413045,Aksesibilitas Tersedia,Tidak memiliki pintu masuk khusus pengguna kursi roda | Tidak memiliki tempat parkir khusus pengguna kursi roda
Masjid Darul Ulum,Masjid,"JGP4+VRX, Karang Pucung I, Balokang, Kec. Banjar, Kota Banjar, Jawa Barat 46312",,"4,3",26,,Tidak Ada,Tidak Tersedia,-7.3627621,108.5070964,Tidak Tersedia,
Masjid BAITULFALAH,Masjid,"JGPG+24G, Unnamed Road, Banjar, Kec. Banjar, Kota Banjar, Jawa Barat 46311",,"4,7",6,,Tidak Ada,Tidak Tersedia,-7.3649447,108.5253337,Tidak Tersedia,
Masjid Al-Hasanah,Masjid,"JGM8+3CC, Parung, Balokang, Kec. Banjar, Kota Banjar, Jawa Barat 46312",,"1,0",1,,Tidak Ada,Tidak Tersedia,-7.3676411,108.5158952,Tidak Tersedia,
Alun-Alun Kota Banjar,Taman Kota,"JGJR+5JC, Banjar, Kec. Purwaharja, Kota Banjar, Jawa Barat 46311",,"4,4",6.873,,Tidak Ada,Tidak Tersedia,-7.3695653,108.5415004,Tidak Tersedia,
Masjid Miftahul Khoir Cipantaran (Miftahul Khoir Mosque),Tempat Ibadah,"Cibeureum, Kec. Banjar, Kota Banjar, Jawa Barat 46313",Buka 24 jam,"5,0",1,,Tidak Ada,Tidak Tersedia,-7.3702839,108.490815,Tidak Tersedia,
Masjid Qatar - Komplek Putra Pondok Pesantren Al Kautsar Banjar,Masjid,"Jl. Pejuang No.25, Jajawar, Kec. Banjar, Kota Banjar, Jawa Barat 46312",Buka 24 jam,"5,0",4,,Tidak Ada,Tidak Tersedia,-7.359967,108.4995922,Tidak Tersedia,
Masjid Al - Ikhwan,Masjid,"JGFR+273, Hegarsari, Kec. Pataruman, Kota Banjar, Jawa Barat 46322",04.00 hingga 20.00,"5,0",1,,Tidak Ada,Tidak Tersedia,-7.377437,108.5407064,Tidak Tersedia,
Masjid Jami Al Istiqomah,Masjid,"JGR4+C6Q, Jl. Karang Tengah, Balokang, Kec. Banjar, Kota Banjar, Jawa Barat 46312",,,,,Tidak Ada,Tidak Tersedia,-7.359193,108.505668,Tidak Tersedia,
Masjid Al-Lathif,Masjid,"JGHP+MXW, Banjar, Kec. Banjar, Kota Banjar, Jawa Barat 46321",,"4,5",48,,Tidak Ada,Tidak Tersedia,-7.3707705,108.5374477,Tidak Tersedia,
Masjid Baiturrahma,Masjid,"Jl. Sudiro W No.71, Mekarsari, Kec. Banjar, Kota Banjar, Jawa Barat 46321",04.30 hingga 20.30,,,"
0813-7585-6669",Ada,Tidak Tersedia,-7.371925,108.537974,Tidak Tersedia,
MASJID BAITUSSALAM,Masjid,"JG7W+3HF, Hegarsari, Kec. Pataruman, Kota Banjar, Jawa Barat 46322",,"4,8",4,,Tidak Ada,Tidak Tersedia,-7.3873078,108.5464085,Tidak Tersedia,
GKI Kota Banjar,Gereja Kristen,"Jl. Kantor Pos No.56, Hegarsari, Kec. Pataruman, Kota Banjar, Jawa Barat 46322",09.00 hingga 17.00,"4,4",29,"
(0265) 741565",Ada,Tidak Tersedia,-7.3733139,108.5426655,Tidak Tersedia,
Gereja Bethel Indonesia Banjar,Gereja,"JGGV+67H, Jl. Kantor Pos No.84, Hegarsari, Kec. Pataruman, Kota Banjar, Jawa Barat 46322",,"4,9",18,"
0851-7972-9824",Ada,Tersedia,-7.3748813,108.541602,Aksesibilitas Tersedia,Memiliki pintu masuk khusus pengguna kursi roda | Memiliki tempat parkir khusus pengguna kursi roda
"Gereja Katolik Santo Filipus, Banjar",Gereja Katolik,"Jl. Kantor Pos No.261, Hegarsari, Kec. Pataruman, Kota Banjar, Jawa Barat 46322",,"4,3",7,,Tidak Ada,Tidak Tersedia,-7.375391,108.5414605,Tidak Tersedia,
Majelis Tinggi Agama Khonghucu Indonesia - Banjar,Lembaga Agama,"JL Gudang No.1, Hegarsari, Bandung, Kota Banjar, Jawa Barat 40113",,"4,5",2,"
(0265) 745374",Ada,Tidak Tersedia,-7.3720801,108.5435245,Tidak Tersedia,
Vihara Vajra Bumi Giri Putra,Vihara,"Jalan Depok, RT.04/RW.04, Segaralangu, Cipari, Cilacap Regency, Central Java 53262",09.00 hingga 17.00,"4,8",23,"
0818-0888-1871",Ada,Tersedia,-7.4353662,108.79647,Tidak Tersedia,
MAJELIS DZIKIR SURYAMANGGALA,Pusat Spiritis,"JGFX+7MW, Pataruman, Kec. Pataruman, Kota Banjar, Jawa Barat 46323",Buka 24 jam,,,"
0823-1709-8711",Ada,Tidak Tersedia,-7.3767455,108.5492045,Tidak Tersedia,
Sekretariat DPC Klan Cobbuwa Kota Banjar,Pusat Meditasi,"JGCH+CHQ, Mekarsari, Kec. Banjar, Kota Banjar, Jawa Barat 46321",,"5,0",24,"
0812-5413-3960",Ada,Tersedia,-7.3789007,108.5288378,Aksesibilitas Tersedia,Memiliki kursi khusus pengguna kursi roda | Ada toilet khusus pengguna kursi roda
Kelenteng Hok Tek Bio,Kuil Penganut Agama Tao,"M9F3+XP2, Ciamis, Kec. Ciamis, Kabupaten Ciamis, Jawa Barat 46211",07.00 hingga 20.00,"4,5",51,"
0813-2101-8949",Ada,Tidak Tersedia,-7.3251201,108.3542766,Aksesibilitas Tersedia,Tidak memiliki tempat parkir khusus pengguna kursi roda
Pura Dadia Pasek Gelgel Depeha Desa Selat,Tempat Ibadah,"JGHM+PPF, Banjarbaru, Kota Banjar Baru, Kalimantan Selatan, IndonesiaDinas Selat, Desa Selat, Kec. Sukasada, Kab. Buleleng, Bali",Buka 24 jam,,,"
0878-3904-8314",Ada,Tidak Tersedia,-7.3706929,108.5342863,Tidak Tersedia,
PURA BUKIT DESA ADAT SEKARMUKTI,Pura,"JGHM+PMX, Banjar sekarmukti, Banjar",,,,,Tidak Ada,Tidak Tersedia,-7.3706417,108.5342405,Tidak Tersedia,
Gapura Selamat Datang Kota Banjar,Taman,"Jl. Nasional III No.22, Purwaharja, Kec. Purwaharja, Kota Banjar, Jawa Barat 46331",,"4,7",167,,Tidak Ada,Tidak Tersedia,-7.3555429,108.5303917,Aksesibilitas Tersedia,Tidak memiliki pintu masuk khusus pengguna kursi roda | Tidak memiliki tempat parkir khusus pengguna kursi roda
Situs singaperbangsa,Bangunan Bersejarah,"JGQX+5PF, Karangpanimbal, Kec. Purwaharja, Kota Banjar, Jawa Barat",Buka 24 jam,"4,7",3,,Tidak Ada,Tidak Tersedia,-7.3620622,108.5492848,Tidak Tersedia,
Stasiun Banjar,Jasa Kereta Api,"JGFR+FWM, Jl. Letjen Suwarto, Hegarsari, Kec. Pataruman, Kota Banjar, Jawa Barat 46321",Buka 24 jam,"4,5",6.562,"
(0265) 741062",Ada,Tersedia,-7.3762792,108.5422906,Aksesibilitas Tersedia,Memiliki pintu masuk khusus pengguna kursi roda | Memiliki tempat parkir khusus pengguna kursi roda
Dadia Prawangsa Ketewel,Pura,"JGHM+PPF Ketewel Kel penarukan, Jalan setia Budi, Banjar, Kec. Banjar, Kota Banjar, Jawa Barat 46311",,,,,Tidak Ada,Tidak Tersedia,-7.3706929,108.5342863,Tidak Tersedia,
Alun-Alun Kota Banjar,Taman Kota,"JGJR+5JC, Banjar, Kec. Purwaharja, Kota Banjar, Jawa Barat 46311",,"4,4",6.873,,Tidak Ada,Tidak Tersedia,-7.3695653,108.5415004,Tidak Tersedia,
Gapura pasir,Pura,"MH59+MMV, Mekarharja, Kec. Purwaharja, Kota Banjar, Jawa Barat 46333",,"5,0",1,,Tidak Ada,Tidak Tersedia,-7.3407669,108.5691642,Tidak Tersedia,
Situ Mustika Banjar Patroman,Taman,"JGQV+585, Karangpanimbal, Kec. Purwaharja, Kota Banjar, Jawa Barat 46332",,"4,6",24,,Tidak Ada,Tidak Tersedia,-7.3621194,108.5433595,Tidak Tersedia,
Wana Wisata Situ Mustika,Tujuan Wisata,"JGQW+394, Karangpanimbal, Kec. Purwaharja, Kota Banjar, Jawa Barat 46332",08.00 hingga 17.00,"4,1",1.029,,Tidak Ada,Tidak Tersedia,-7.3623658,108.5459425,Aksesibilitas Tersedia,Ada toilet khusus pengguna kursi roda | Tidak memiliki pintu masuk khusus pengguna kursi roda | Tidak memiliki tempat parkir khusus pengguna kursi roda
Pura Dalem Bunut,Pura,"Banjar Adat Tangguntiing, Desa Adat Panca Bhuana Sakti, Kutampi, Banjar, Kec. Banjar, Kota Banjar, Jawa Barat",,,,,Tidak Ada,Tidak Tersedia,-7.3706417,108.5342405,Tidak Tersedia,
Pura Dadia Pasek Kayu Selem,Pura,"Banjar Dinas Kebon Kelod, Banjar, Kec. Banjar, Kota Banjar, Jawa Barat",,,,,Tidak Ada,Tidak Tersedia,-7.3706417,108.5342405,Tidak Tersedia,
Pura Ketut,Pura,"Banjar dinas Longsegeha, Banjar, Kec. Banjar, Kota Banjar, Jawa Barat",,,,,Tidak Ada,Tidak Tersedia,-7.3706417,108.5342405,Tidak Tersedia,
Pura Arya Kebun Tubuh,Pura,"Banjar Adat Tangguntiing, Desa Adat Panca Bhuana Sakti, kutampi, Banjar, Kec. Banjar, Kota Banjar, Jawa Barat",,,,,Tidak Ada,Tidak Tersedia,-7.3706417,108.5342405,Tidak Tersedia,
PURA DESA PENGAYAH JALANBAU,Pura,"Banjar Dinas Jalanbau, Banjar, Kec. Banjar, Kota Banjar, Jawa Barat",,"5,0",1,,Tidak Ada,Tidak Tersedia,-7.3706417,108.5342405,Tidak Tersedia,
pura dalem lan prajapati banjar adat gunung salak,Pura,"banjar dinas gunung salak, Banjar, Kec. Banjar, Kota Banjar, Jawa Barat",,,,,Tidak Ada,Tidak Tersedia,-7.3706417,108.5342405,Tidak Tersedia,
Pura kilitan,Pura,"Banjar dinas batungadeg, Banjar, Kec. Banjar, Kota Banjar, Jawa Barat",,,,,Tidak Ada,Tidak Tersedia,-7.3706417,108.5342405,Tidak Tersedia,
Dadia Dukuh Ambengan Sakti,Pura,"JGHM+PMX Panti. Desa Bantang, Banjar, Kec. Banjar, Kota Banjar, Jawa Barat",,,,,Tidak Ada,Tidak Tersedia,-7.3706417,108.5342405,Tidak Tersedia,
